Workbook
Name _xlchart.v1.3: 'Données'!$D$4:$D$11
Name _xlchart.v1.1: 'Données'!$D$4:$D$11
Name _xlchart.v1.2: 'Données'!$B$4:$C$11
Name _xlchart.v1.0: 'Données'!$B$4:$C$11

Sheet Données
A1: Périmètre du projet
B3: Modules | C3: Exigences | D3: Taille | E3: Valide | F3: Testé | G3: Conforme | H3: Non conforme | I3: Conf (taille) | J3: NonConf (taille)
B4: Recherche | C4: Réaliser une recherche simple | D4: 2 | E4: =R17 -> 1 | F4: =W17/D17 -> 1 | G4: =N17+P17 -> 1 | H4: =O17+Q17 -> 0 | I4: ='Données'!$G4*'Données'!$D4 -> 2 | J4: ='Données'!$H4*'Données'!$D4 -> 0
B5: Gestion des annonces | C5: Créer une annonce | D5: 2 | E5: =R18 -> 1 | F5: =W18/D18 -> 1 | G5: =N18+P18 -> 1 | H5: =O18+Q18 -> 0 | I5: ='Données'!$G5*'Données'!$D5 -> 2 | J5: ='Données'!$H5*'Données'!$D5 -> 0
B6: Gestion des comptes | C6: S'inscrire | D6: 3 | E6: =R19 -> 1 | F6: =W19/D19 -> 1 | G6: =N19+P19 -> 1 | H6: =O19+Q19 -> 0 | I6: ='Données'!$G6*'Données'!$D6 -> 3 | J6: ='Données'!$H6*'Données'!$D6 -> 0
C7: Se connecter | D7: 2 | E7: =R20 -> 1 | F7: =W20/D20 -> 1 | G7: =N20+P20 -> 1 | H7: =O20+Q20 -> 0 | I7: ='Données'!$G7*'Données'!$D7 -> 2 | J7: ='Données'!$H7*'Données'!$D7 -> 0
C8: Devenir hôte | D8: 3 | E8: =R21 -> 1 | F8: =W21/D21 -> 1 | G8: =N21+P21 -> 1 | H8: =O21+Q21 -> 0 | I8: ='Données'!$G8*'Données'!$D8 -> 3 | J8: ='Données'!$H8*'Données'!$D8 -> 0
C9: Régénérer un mot de passe | D9: 1 | E9: =R22 -> 1 | F9: =W22/D22 -> 1 | G9: =N22+P22 -> 1 | H9: =O22+Q22 -> 0 | I9: ='Données'!$G9*'Données'!$D9 -> 1 | J9: ='Données'!$H9*'Données'!$D9 -> 0
B10: Gestion des réservations | C10: Faire une demande de réservation | D10: 4 | E10: 1 | F10: =W23/D23 -> 1 | G10: =N23+P23 -> 0.875 | H10: =O23+Q23 -> 0.5 | I10: ='Données'!$G10*'Données'!$D10 -> 3.5 | J10: ='Données'!$H10*'Données'!$D10 -> 2
C11: Traiter une demande de réservation | D11: 4 | E11: 1 | F11: =W24/D24 -> 1 | G11: =N24+P24 -> 0.95238095 | H11: =O24+Q24 -> 0.125 | I11: ='Données'!$G11*'Données'!$D11 -> 3.8095238 | J11: ='Données'!$H11*'Données'!$D11 -> 0.5
B12: Total | D12: =SUM(D4:D11) -> 21 | E12: =SUM(E4:E11) -> 8 | F12: =AVERAGE(F4:F11) -> 1 | G12: =AVERAGE(G4:G11) -> 0.97842262 | H12: =AVERAGE(H4:H11) -> 0.078125 | I12: =AVERAGE(I4:I11) -> 2.5386905 | J12: =AVERAGE(J4:J11) -> 0.3125
A14: Avancement des tests par exigence
F15: Tests | I15: Défauts
D16: Tests | E16: OK | F16: KO | G16: Non testable | H16: Non exécuté | I16: TOTAL | J16: Bloquantes | K16: Majeures | L16: Mineures | M16: Objectifs | N16: % OK | O16: % KO | P16: % Non testable | Q16: % Non exécuté | R16: Validé | S16: Préparé % | T16: Exécuté % | U16: A exécuter % | V16: A préparer % | W16: Préparé | X16: Exécuté | Y16: A exécuter | Z16: A préparer | AA16: TOTAL
B17: =B4 -> Recherche | C17: =C4 -> Réaliser une recherche simple | D17: 2 | E17: 2 | H17: =D17-(E17+F17+G17) -> 0 | I17: =SUM(J17:L17) -> 0 | M17: 1 | N17: =E17/D17 -> 1 | O17: 0 | Q17: =H17/D17 -> 0 | R17: =IF(AND(N17>=M17,ISBLANK(K17),ISBLANK(J17)),1,0) -> 1 | S17: 1 | T17: =SUM(E17:G17)/D17 -> 1 | U17: =100%-T17 -> 0 | V17: 0 | W17: =D17 -> 2 | X17: =SUM(E17:G17) -> 2 | Y17: =D17-SUM(E17:G17) -> 0 | Z17: =D17-W17 -> 0 | AA17: =D17 -> 2
B18: =B5 -> Gestion des annonces | C18: =C5 -> Créer une annonce | D18: 2 | E18: 2 | H18: =D18-(E18+F18+G18) -> 0 | I18: =SUM(J18:L18) -> 0 | M18: 0.6 | N18: =E18/D18 -> 1 | O18: =F18/D17 -> 0 | Q18: =H18/D18 -> 0 | R18: =IF(AND(N18>=M18,ISBLANK(K18),ISBLANK(J18)),1,0) -> 1 | S18: 1 | T18: =SUM(E18:G18)/D18 -> 1 | U18: =100%-T18 -> 0 | V18: 0 | W18: =D18 -> 2 | X18: =SUM(E18:G18) -> 2 | Y18: =D18-SUM(E18:G18) -> 0 | Z18: =D18-W18 -> 0 | AA18: =SUM(X18:Z18) -> 2
B19: =B6 -> Gestion des comptes | C19: =C6 -> S'inscrire | D19: 2 | E19: 2 | H19: =D19-(E19+F19+G19) -> 0 | I19: =SUM(J19:L19) -> 0 | M19: 0.6 | N19: =E19/D19 -> 1 | O19: =F19/D18 -> 0 | Q19: =H19/D19 -> 0 | R19: =IF(AND(N19>=M19,ISBLANK(K19),ISBLANK(J19)),1,0) -> 1 | S19: 1 | T19: =SUM(E19:G19)/D19 -> 1 | U19: =100%-T19 -> 0 | V19: 0 | W19: =D19 -> 2 | X19: =SUM(E19:G19) -> 2 | Y19: =D19-SUM(E19:G19) -> 0 | Z19: =D19-W19 -> 0 | AA19: =SUM(X19:Z19) -> 2
C20: =C7 -> Se connecter | D20: 2 | E20: 2 | H20: =D20-(E20+F20+G20) -> 0 | I20: =SUM(J20:L20) -> 0 | M20: 0.6 | N20: =E20/D20 -> 1 | O20: =F20/D19 -> 0 | Q20: =H20/D20 -> 0 | R20: =IF(AND(N20>=M20,ISBLANK(K20),ISBLANK(J20)),1,0) -> 1 | S20: 1 | T20: =SUM(E20:G20)/D20 -> 1 | U20: =100%-T20 -> 0 | V20: 0 | W20: =D20 -> 2 | X20: =SUM(E20:G20) -> 2 | Y20: =D20-SUM(E20:G20) -> 0 | Z20: =D20-W20 -> 0 | AA20: =SUM(X20:Z20) -> 2
C21: =C8 -> Devenir hôte | D21: 2 | E21: 2 | H21: =D21-(E21+F21+G21) -> 0 | I21: =SUM(J21:L21) -> 0 | M21: 0.6 | N21: =E21/D21 -> 1 | O21: =F21/D20 -> 0 | Q21: =H21/D21 -> 0 | R21: =IF(AND(N21>=M21,ISBLANK(K21),ISBLANK(J21)),1,0) -> 1 | S21: 1 | T21: =SUM(E21:G21)/D21 -> 1 | U21: =100%-T21 -> 0 | V21: 0 | W21: =D21 -> 2 | X21: =SUM(E21:G21) -> 2 | Y21: =D21-SUM(E21:G21) -> 0 | Z21: =D21-W21 -> 0 | AA21: =SUM(X21:Z21) -> 2
C22: =C9 -> Régénérer un mot de passe | D22: 2 | E22: 2 | H22: =D22-(E22+F22+G22) -> 0 | I22: =SUM(J22:L22) -> 0 | M22: 1 | N22: =E22/D22 -> 1 | O22: =F22/D21 -> 0 | Q22: =H22/D22 -> 0 | R22: =IF(AND(N22>=M22,ISBLANK(K22),ISBLANK(J22)),1,0) -> 1 | S22: 1 | T22: =SUM(E22:G22)/D22 -> 1 | U22: =100%-T22 -> 0 | V22: 0 | W22: =D22 -> 2 | X22: =SUM(E22:G22) -> 2 | Y22: =D22-SUM(E22:G22) -> 0 | Z22: =D22-W22 -> 0 | AA22: =SUM(X22:Z22) -> 2
B23: =B10 -> Gestion des réservations | C23: =C10 -> Faire une demande de réservation | D23: 8 | E23: 7 | F23: 1 | H23: =D23-(E23+F23+G23) -> 0 | I23: =SUM(J23:L23) -> 1 | K23: 1 | M23: 1 | N23: =E23/D23 -> 0.875 | O23: =F23/D22 -> 0.5 | Q23: =H23/D23 -> 0 | R23: =IF(AND(N23>=M23,ISBLANK(K23),ISBLANK(J23)),1,0) -> 0 | S23: 1 | T23: =SUM(E23:G23)/D23 -> 1 | U23: =100%-T23 -> 0 | V23: 0 | W23: =D23 -> 8 | X23: =SUM(E23:G23) -> 8 | Y23: =D23-SUM(E23:G23) -> 0 | Z23: =D23-W23 -> 0 | AA23: =SUM(X23:Z23) -> 8
C24: =C11 -> Traiter une demande de réservation | D24: 21 | E24: 20 | F24: 1 | H24: =D24-(E24+F24+G24) -> 0 | I24: =SUM(J24:L24) -> 1 | K24: 1 | M24: 0.8 | N24: =E24/D24 -> 0.95238095 | O24: =F24/D23 -> 0.125 | Q24: =H24/D24 -> 0 | R24: =IF(AND(N24>=M24,ISBLANK(K24),ISBLANK(J24)),1,0) -> 0 | S24: 1 | T24: =SUM(E24:G24)/D24 -> 1 | U24: =100%-T24 -> 0 | V24: 0 | W24: =D24 -> 21 | X24: =SUM(E24:G24) -> 21 | Y24: =D24-SUM(E24:G24) -> 0 | Z24: =D24-W24 -> 0 | AA24: =SUM(X24:Z24) -> 21
C25: TOTAL | D25: =SUM(D17:D24) -> 41 | E25: =SUM(E17:E24) -> 39 | F25: =SUM(F17:F24) -> 2 | G25: =SUM(G17:G24) -> 0 | H25: =SUM(H17:H24) -> 0 | I25: =SUM(I17:I24) -> 2 | J25: =SUM(J17:J24) -> 0 | K25: =SUM(K17:K24) -> 2 | L25: =SUM(L17:L24) -> 0 | M25: =AVERAGE(M17:M24) -> 0.775 | N25: =AVERAGE(N17:N24) -> 0.97842262 | O25: =AVERAGE(O17:O24) -> 0.078125 | P25: 0 | Q25: =AVERAGE(Q17:Q24) -> 0 | R25: =SUM(R17:R24) -> 6 | S25: =AVERAGE(S17:S24) -> 1 | T25: =AVERAGE(T17:T24) -> 1 | U25: =AVERAGE(U17:U24) -> 0 | V25: =AVERAGE(V17:V24) -> 0 | W25: =SUM(W17:W24) -> 41 | X25: =SUM(X17:X24) -> 41 | Y25: =SUM(Y17:Y24) -> 0 | Z25: =SUM(Z17:Z24) -> 0 | AA25: =SUM(AA17:AA24) -> 41
C26: NB bogues créés
A58: Avancement de la conformité globale (qualité)
D59: NB | E59: Pourcentage
B60: Exigences | C60: Toutes les exigences | D60: =COUNTA('Données'!$C$4:$C$12) -> 8 | E60: 1
C61: Conformes | D61: =R25 -> 6 | E61: =D61*E60/D60 -> 0.75
C62: Non conformes | D62: =D60-D61 -> 2 | E62: =D62*E60/D60 -> 0.25
A76: Avancement global des tests
B78: OK | C78: =E25/D25 -> 0.95121951
B79: Testé | C79: =(E25+F25)/D25 -> 1
B80: KO+NT | C80: =C79-C78 -> 0.048780488
B81: A tester | C81: =H25/D25 -> 0
B82: TOTAL | C82: =C81+C79 -> 1
C83: =SUM(C78:C81) -> 2

Sheet Diagrammes

Sheet Analyse
B2: 46216 | C2: 46217 | D2: 46218 | E2: 46219 | F2: 46220 | G2: 46221 | H2: 46222 | I2: 46223 | J2: 46224 | K2: 46225 | L2: 46226 | M2: 46227 | N2: 46228 | O2: 46229 | P2: 46230 | Q2: 46231 | R2: =Q2+7 -> 46238 | S2: =R2+7 -> 46245 | T2: =S2+7 -> 46252 | U2: =T2+7 -> 46259 | V2: =U2+7 -> 46266 | W2: =V2+7 -> 46273 | X2: =W2+7 -> 46280 | Y2: =X2+7 -> 46287 | ... IA2: =HZ2+7 -> 47757
A3: Préparé | B3: 100 | C3: 100 | D3: 100 | E3: 100 | F3: 100 | G3: 100 | H3: 100 | I3: 100 | J3: 100 | K3: 100 | L3: 100 | M3: 100 | N3: 100 | O3: 100 | P3: 100 | Q3: 100 | R3: 100 | S3: 100 | T3: 100 | U3: 100 | V3: 100 | W3: 100 | X3: 100 | Y3: 100 | Z3: 100 | AA3: 100 | AB3: 100 | AC3: 100 | AD3: 100 | AE3: 100 | AF3: 100 | AG3: 100 | AH3: 100 | AI3: 100 | AJ3: 100 | AK3: 100 | AL3: 100 | AM3: 100 | AN3: 100 | AO3: 100 | AP3: 100 | AQ3: 100 | AR3: 100 | AS3: 100 | AT3: 100 | AU3: 100 | AV3: 100 | AW3: 100 | AX3: 100 | AY3: 100 | AZ3: 100 | BA3: 100 | BB3: 100 | BC3: 100 | BD3: 100 | BE3: 100 | BF3: 100 | BG3: 100 | BH3: 100 | BI3: 100 | BJ3: 100 | BK3: 100 | BL3: 100 | BM3: 100 | BN3: 100 | BO3: 100 | BP3: 100 | BQ3: 100 | BR3: 100 | BS3: 100 | BT3: 100 | BU3: 100 | BV3: 100 | BW3: 100 | BX3: 100 | BY3: 100 | BZ3: 100 | CA3: 100 | CB3: 100 | CC3: 100 | CD3: 100 | CE3: 100 | CF3: 100 | CG3: 100 | CH3: 100 | CI3: 100 | CJ3: 100 | CK3: 100 | CL3: 100 | CM3: 100 | CN3: 100 | CO3: 100 | CP3: 100 | CQ3: 100 | CR3: 100 | CS3: 100 | CT3: 100 | CU3: 100 | CV3: 100 | CW3: 100 | CX3: 100 | CY3: 100 | CZ3: 100 | DA3: 100 | DB3: 100 | DC3: 100 | DD3: 100 | DE3: 100 | DF3: 100 | DG3: 100 | DH3: 100 | DI3: 100 | DJ3: 100 | DK3: 100 | DL3: 100 | DM3: 100 | DN3: 100 | DO3: 100 | DP3: 100 | DQ3: 100 | DR3: 100 | DS3: 100 | DT3: 100 | DU3: 100 | DV3: 100 | DW3: 100 | DX3: 100 | DY3: 100 | DZ3: 100 | EA3: 100 | EB3: 100 | EC3: 100 | ED3: 100 | EE3: 100 | EF3: 100 | EG3: 100 | EH3: 100 | EI3: 100 | EJ3: 100 | EK3: 100 | EL3: 100 | EM3: 100 | EN3: 100 | EO3: 100 | EP3: 100 | EQ3: 100 | ER3: 100 | ES3: 100 | ET3: 100 | EU3: 100 | EV3: 100 | EW3: 100 | EX3: 100 | EY3: 100 | EZ3: 100 | FA3: 100 | FB3: 100 | FC3: 100 | FD3: 100 | FE3: 100 | FF3: 100 | FG3: 100 | FH3: 100 | FI3: 100 | FJ3: 100 | FK3: 100 | FL3: 100 | FM3: 100 | FN3: 100 | FO3: 100 | FP3: 100 | FQ3: 100 | FR3: 100 | FS3: 100 | FT3: 100 | FU3: 100 | FV3: 100 | FW3: 100 | FX3: 100 | FY3: 100 | FZ3: 100 | GA3: 100 | GB3: 100 | GC3: 100 | GD3: 100 | GE3: 100 | GF3: 100 | GG3: 100 | GH3: 100 | GI3: 100 | GJ3: 100 | GK3: 100 | GL3: 100 | GM3: 100 | GN3: 100 | GO3: 100 | GP3: 100 | GQ3: 100 | GR3: 100 | GS3: 100 | GT3: 100 | GU3: 100 | GV3: 100 | GW3: 100 | GX3: 100 | GY3: 100 | GZ3: 100 | HA3: 100 | HB3: 100 | HC3: 100 | HD3: 100 | HE3: 100 | HF3: 100 | HG3: 100 | HH3: 100 | HI3: 100 | HJ3: 100 | HK3: 100 | HL3: 100 | HM3: 100 | HN3: 100 | HO3: 100 | HP3: 100 | HQ3: 100 | HR3: 100 | HS3: 100 | HT3: 100 | HU3: 100 | HV3: 100 | HW3: 100 | HX3: 100 | HY3: 100 | HZ3: 100 | IA3: 100
A4: Exécuté | B4: =SUM(B5:B7) -> 3 | C4: =SUM(C5:C7) -> 7 | D4: =SUM(D5:D7) -> 12 | E4: =SUM(E5:E7) -> 15 | F4: =SUM(F5:F7) -> 18 | G4: =SUM(G5:G7) -> 23 | H4: =SUM(H5:H7) -> 31 | I4: =SUM(I5:I7) -> 32 | ... IA4: =SUM(IA5:IA7) -> 0
A5: OK | B5: 1 | C5: 3 | D5: 7 | E5: 8 | F5: 11 | G5: 16 | H5: 17 | I5: 18 | J5: 23 | K5: 27 | L5: 31 | M5: 31 | N5: 31 | O5: 35 | P5: 40 | Q5: 45
A6: KO | B6: 2 | C6: 4 | D6: 5 | E6: 7 | F6: 7 | G6: 7 | H6: 12 | I6: 12 | J6: 12 | K6: 12 | L6: 12 | M6: 12 | N6: 12 | O6: 11 | P6: 11 | Q6: 11
A7: Non testable | B7: 0 | C7: 0 | D7: 0 | E7: 0 | F7: 0 | G7: 0 | H7: 2 | I7: 2 | J7: 2 | K7: 2 | L7: 2 | M7: 2 | N7: 2 | O7: 2 | P7: 2 | Q7: 2
B10: =B2 -> 46216 | C10: =C2 -> 46217 | D10: =D2 -> 46218 | E10: =E2 -> 46219 | F10: =F2 -> 46220 | G10: =G2 -> 46221 | H10: =H2 -> 46222 | I10: =I2 -> 46223 | ... DA10: =DA2 -> 46847
A11: Préparé | B11: =C3/C3 -> 1 | C11: =D3/D3 -> 1 | D11: =E3/E3 -> 1 | E11: =F3/F3 -> 1 | F11: =G3/G3 -> 1 | G11: =H3/H3 -> 1 | H11: =I3/I3 -> 1 | I11: =J3/J3 -> 1 | ... DA11: =DB3/DB3 -> 1
A12: Exécuté | B12: =B4/B3 -> 0.03 | C12: =C4/C3 -> 0.07 | D12: =D4/D3 -> 0.12 | E12: =E4/E3 -> 0.15 | F12: =F4/F3 -> 0.18 | G12: =G4/G3 -> 0.23 | H12: =H4/H3 -> 0.31 | I12: =I4/I3 -> 0.32 | ... Q12: =Q4/Q3 -> 0.58
A13: OK | B13: =B5/B3 -> 0.01 | C13: =C5/C3 -> 0.03 | D13: =D5/D3 -> 0.07 | E13: =E5/E3 -> 0.08 | F13: =F5/F3 -> 0.11 | G13: =G5/G3 -> 0.16 | H13: =H5/H3 -> 0.17 | I13: =I5/I3 -> 0.18 | ... Q13: =Q5/Q3 -> 0.45
A14: KO | B14: =B6/B3 -> 0.02 | C14: =C6/C3 -> 0.04 | D14: =D6/D3 -> 0.05 | E14: =E6/E3 -> 0.07 | F14: =F6/F3 -> 0.07 | G14: =G6/G3 -> 0.07 | H14: =H6/H3 -> 0.12 | I14: =I6/I3 -> 0.12 | ... Q14: =Q6/Q3 -> 0.11
A15: Non testable | B15: =B7/B3 -> 0 | C15: =C7/C3 -> 0 | D15: =D7/D3 -> 0 | E15: =E7/E3 -> 0 | F15: =F7/F3 -> 0 | G15: =G7/G3 -> 0 | H15: =H7/H3 -> 0.02 | I15: =I7/I3 -> 0.02 | ... Q15: =Q7/Q3 -> 0.02
